Bid, Ask, Last
0.04524,0.04524497,0.04524497
0.04524,0.04524399,0.04524399
0.04515,0.04524,0.04524
0.04524398,0.04524399,0.04524398
0.045244,0.04524497,0.04524497
0.04524499,0.04526999,0.04524499
0.04524398,0.04524399,0.04524398
0.04517001,0.04524399,0.04517001
0.04524499,0.045256,0.0453
0.04524399,0.045256,0.04524399
0.04524399,0.045256,0.04524399
0.04524399,0.04538625,0.04538625
0.045448,0.0454494,0.045448
0.04524399,0.04545001,0.04524399
0.04519,0.0454494,0.04519
0.0452,0.0454494,0.0454494
0.04518001,0.04544499,0.04518001
0.04529295,0.04544499,0.04544499
0.04521605,0.04544491,0.04521604
0.04521604,0.0452166,0.04521604
0.04535677,0.04544491,0.04535677
0.04544491,0.04544499,0.04544491
0.04544494,0.0454494,0.04544499
0.04544491,0.04544939,0.04544939
0.04544492,0.04544939,0.04544492
0.04545,0.04545022,0.04545
0.04545022,0.0455,0.04545022
0.04544939,0.04545022,0.04545022
0.04544939,0.0455,0.0454494
0.0454494,0.04549997,0.0455
0.0455,0.04552002,0.0455
0.04552002,0.04552164,0.04552002
0.0455245,0.0455381,0.0455381
0.04555203,0.04555611,0.04555611
0.04555203,0.0455522,0.0455522
0.045651,0.045665,0.045651
0.04566821,0.0456688,0.04566821
0.04566825,0.04571996,0.04566825
0.04572,0.04575011,0.04572
0.04571996,0.04576576,0.04571996
0.04571996,0.04576592,0.04571996
0.04576658,0.0458,0.04576658
0.04585148,0.0458517,0.04585148
0.0458515,0.0458598,0.0458515
0.04585148,0.0459,0.04585148
0.04585149,0.04593699,0.0458
0.04589759,0.04595515,0.04589759
0.04580003,0.04598999,0.04580003
0.04595,0.04596294,0.04595
0.04580011,0.04590239,0.04580011
0.046,0.04600499,0.046
0.04600499,0.04600885,0.04600499
0.0458001,0.04580011,0.04580011
0.04580011,0.04600497,0.04600497
0.04580012,0.04600497,0.04600497
0.04599999,0.04600497,0.04599999
0.046,0.04600499,0.046
0.0458047,0.0459,0.0458047
0.04595648,0.046,0.046
0.04595648,0.0459605,0.0459605
0.0459605,0.04599999,0.0459605
0.0459605,0.046,0.0459605
0.0459605,0.046,0.0459605
0.04585434,0.04608999,0.04608999
0.04604603,0.04607499,0.04604603
0.04594485,0.04604602,0.04604602
0.0459,0.0459889,0.0459
0.04599999,0.046,0.0459
0.04580008,0.04599,0.04599
0.04580006,0.04580008,0.04580006
0.04580003,0.04580006,0.04580006
0.04580001,0.04580006,0.04580001
0.0458,0.04598986,0.0458
0.04559319,0.04573799,0.04559319
0.0455932,0.04562817,0.04562817
0.04559326,0.04571512,0.04559326
0.04561001,0.04594982,0.04561001
0.04561001,0.04596059,0.04596059
0.04561,0.04596059,0.04561
0.045602,0.0457,0.0457
0.04561003,0.04598498,0.04598498
0.04563,0.04598496,0.04598496
0.0459325,0.04595877,0.0459325
0.04557205,0.0459325,0.0459325
0.04584087,0.045923,0.0456
0.045923,0.04593235,0.045923
0.04562511,0.045917,0.045917
0.04564087,0.045912,0.045912
0.04564089,0.04574976,0.045912
0.0456409,0.04591,0.04591
0.04564089,0.0456409,0.0456409
0.0456409,0.04589999,0.0456409
0.04580003,0.0459,0.04580003
0.04580003,0.045912,0.045912
0.04590003,0.04591199,0.04590003
0.045912,0.04600358,0.04590003
0.04600358,0.04600359,0.04600358
0.045912,0.04600359,0.045912
0.045912,0.04600359,0.04600359
0.04591658,0.04604604,0.04604604
0.04596254,0.04608692,0.04596254
0.04591658,0.046,0.04591658
0.04580004,0.046,0.04580003
0.04580004,0.04594651,0.04580004
0.046,0.04604604,0.046
0.04594651,0.04599998,0.04599998
0.04580024,0.04604603,0.04604603
0.04594651,0.04594652,0.04594651
0.046,0.04604604,0.046
0.046,0.04605184,0.046
0.046,0.04605184,0.046
0.04594691,0.04599998,0.04599998
0.04594689,0.04599997,0.04599997
0.04594689,0.04599996,0.04599997
0.04599997,0.04599999,0.04599997
0.04599997,0.046,0.04599997
0.046,0.04605183,0.046
0.0460518,0.04605183,0.046
0.04605184,0.04609016,0.04608693
0.04609016,0.04609896,0.04609534
0.04609016,0.04609534,0.04609016
0.04609534,0.04609896,0.04609896
0.04609896,0.04615399,0.04619999
0.04609899,0.04615399,0.04609899
0.04619999,0.0462,0.04619999
0.0462099,0.04629039,0.0462099
0.0462099,0.0462608,0.0462099
0.046099,0.0461,0.046099
0.04615579,0.0462001,0.04615579
0.0462001,0.04624999,0.0462001
0.0462001,0.04624986,0.0462001
0.04624999,0.04628399,0.04624999
0.04625,0.04629998,0.04624999
0.04625987,0.04629994,0.04625987
0.04631019,0.04631247,0.04631019
0.04631019,0.04631579,0.04631019
0.04631021,0.04631579,0.04631021
0.04631579,0.04632,0.04631579
0.04632039,0.04632669,0.04632669
0.04631019,0.0463375,0.0463375
0.0463383,0.04633958,0.04633958
0.04633958,0.04634001,0.04633958
0.046351,0.04636,0.0463499
0.04633958,0.04634192,0.04634
0.0462001,0.04634191,0.04634191
0.04610001,0.04633957,0.04633957
0.04610001,0.04610002,0.04611771
0.04610002,0.04633497,0.04610002
0.04610011,0.04629999,0.04610003
0.04610015,0.04610021,0.04627683
0.04610022,0.0462768,0.04610022
0.04610021,0.04619999,0.04619999
0.04610015,0.04610021,0.04610021
0.04610014,0.04610021,0.04610021
0.04610015,0.04618997,0.04618997
0.0461898,0.04618997,0.04610021
0.04610024,0.04618969,0.04610024
0.04610021,0.04610024,0.04610024
0.04610021,0.04610024,0.04610024
0.04610021,0.04610024,0.04610021
0.0461,0.04610016,0.04610016
0.04610021,0.04610024,0.04610021
0.04610024,0.04618997,0.04618997
0.0462,0.04621525,0.0462
0.04610024,0.04618,0.04618
0.0461,0.046201,0.046201
0.04612,0.046201,0.046201
0.0461,0.04611,0.04611
0.04611001,0.04621324,0.04611001
0.04611001,0.04621323,0.04611001
0.0461101,0.04621323,0.04621323
0.04611001,0.04621,0.04621
0.04611001,0.0462,0.0462
0.04611001,0.0461101,0.04621324
0.0461101,0.04621323,0.0461101
0.0461,0.04611001,0.04611001
0.04605703,0.04611001,0.04611001
0.04605147,0.0460518,0.0460518
0.04601272,0.046055,0.04601272
0.04599608,0.046,0.046
0.04599608,0.046,0.04599608
0.0460518,0.04605702,0.0460518
0.046,0.04605702,0.046
0.046,0.04605702,0.046
0.046,0.04605702,0.04605702
0.04600001,0.04605702,0.04600001
0.04600001,0.04605599,0.04600001
0.04600002,0.04605599,0.04600001
0.04600002,0.046055,0.04600002
0.04600002,0.04605599,0.04605599
0.046056,0.04605703,0.04605703
0.04605703,0.04610183,0.04605703
0.04610183,0.0462,0.0462
0.04613,0.0462,0.0462
0.04613001,0.04619899,0.04613
0.046102,0.04613001,0.046102
0.04611006,0.04619899,0.04611006
0.04625599,0.04627673,0.04627673
0.04629989,0.0462999,0.0462999
0.0462999,0.04634192,0.04634192
0.04629991,0.0463417,0.04634192
0.0462999,0.04629991,0.0462999
0.04629989,0.0462999,0.0463419
0.04629989,0.0462999,0.04629989
0.0462999,0.046323,0.046323
0.04633192,0.0463419,0.046341
0.04633193,0.046341,0.0463419
0.04633198,0.04634192,0.04633193
0.046342,0.04634828,0.046342
0.04634828,0.04635,0.04635881
0.04636,0.04636193,0.04636
0.04636,0.04636193,0.04636
0.04636004,0.04636193,0.04636193
0.04634192,0.04635991,0.04634192
0.0462,0.04633198,0.0462
0.0462,0.04631443,0.0462
0.04613618,0.04617618,0.04617618
0.04617618,0.046332,0.04633699
0.04617618,0.04632699,0.04632699
0.04617618,0.0463,0.04617618
0.04617618,0.0463,0.04617618
0.04617618,0.0463,0.04617618
0.046102,0.04612116,0.046102
0.04610201,0.04617618,0.04610201
0.04611137,0.04617618,0.04617618
0.04611137,0.04617618,0.04617618
0.04617618,0.04629497,0.04617618
0.04611137,0.04617618,0.04617618
0.04611137,0.04617618,0.04611137
0.0462618,0.04628041,0.0462618
0.04622043,0.0462479,0.04617618
0.04617619,0.0462618,0.04617619
0.04620402,0.0462804,0.04620402
0.04617619,0.04628,0.04628
0.04617619,0.04628,0.04617619
0.0461762,0.04628,0.04617619
0.04628,0.0462804,0.0462
0.04628,0.04632999,0.04628
0.04628,0.0463,0.04628
0.04617001,0.04629999,0.04617001
0.04629999,0.0463,0.0463
0.04617005,0.04633,0.04617005
0.04617005,0.046205,0.046205
0.0461702,0.04633,0.0461702
0.046205,0.04632998,0.046205
0.0461702,0.046205,0.0461702
0.046205,0.04632998,0.046205
0.0461702,0.04631745,0.0461702
0.046205,0.04631745,0.04631745
0.04624018,0.04632998,0.04624018
0.04625,0.04632998,0.04625
0.04625,0.04632998,0.04632998
0.04632998,0.0463318,0.04632998
0.04632998,0.04633025,0.04633025
0.04632998,0.04636,0.04636
0.04636,0.04636191,0.04636
0.04632998,0.04636,0.04632998
0.04634039,0.04636,0.04634039
0.0463404,0.04636,0.0463404
0.04638386,0.04638493,0.04638386
0.04636,0.04638845,0.04638845
0.0464,0.0464002,0.0464
0.04636001,0.04639771,0.04636001
0.0464141,0.04642878,0.04642878
0.0464002,0.0464141,0.0464002
0.0464141,0.04641443,0.0464141
0.0464141,0.04645886,0.0464141
0.04641411,0.04646005,0.04641411
0.04647,0.04647189,0.04647
0.04622454,0.04646085,0.046186
0.0462,0.046205,0.04619303
0.04634039,0.04646086,0.04646086
0.04617021,0.04634039,0.04634039
0.0461702,0.04648249,0.04648249
0.04617021,0.04646599,0.04647624
0.04617021,0.04628506,0.04634038
0.04630001,0.04631718,0.04630001
0.04630002,0.04634038,0.04634038
0.04630222,0.0464449,0.0464449
0.04630222,0.04644486,0.04644486
0.0463,0.04630001,0.0463
0.0463,0.04639998,0.04639998
0.0463,0.04644498,0.04644498
0.0463005,0.04644498,0.0463005
0.0463,0.04644496,0.0463
0.04631,0.04644496,0.04644496
0.0463,0.04635,0.0463
0.0463001,0.04631,0.0463001
0.04631,0.04635,0.04635
0.04631001,0.04644497,0.04644497
0.04631001,0.04631882,0.04631001
0.04631001,0.04635,0.04635
0.04635,0.0464449,0.0464449
0.04644492,0.04644493,0.04644492
0.0464449,0.04644491,0.04644491
0.04647624,0.04648,0.04647624
0.04631001,0.04644485,0.04647423
0.04631001,0.04640685,0.04631001
0.0463201,0.04640685,0.04640685
0.04633,0.04640685,0.04633
0.04633,0.04644,0.04633
0.04633,0.04644,0.04644
0.04644,0.0464824,0.04648241
0.04633,0.04648244,0.04633
0.0464,0.04644001,0.0464
0.0464,0.04648246,0.0464
0.04633,0.04648246,0.04648246
0.0464,0.04648,0.0464
0.04635,0.04647999,0.04647999
0.04633,0.04645999,0.04635
0.04635,0.04645999,0.04645999
0.04646999,0.04647,0.04646999
0.04647,0.046478,0.04647
0.046478,0.04647938,0.046478
0.04648,0.04648247,0.04648
0.04648,0.0464826,0.04648
0.04649474,0.0465,0.04649474
0.0464902,0.0465035,0.0465035
0.04648,0.0465035,0.0464902
0.04649,0.0465035,0.04649
0.04648,0.04648001,0.04648
0.04649001,0.0465,0.04649001
0.0465,0.04652,0.0465
0.04649001,0.0465,0.0465
0.04649,0.04649001,0.04649
0.046407,0.04648,0.046407
0.04642,0.04648,0.04642
0.04648,0.04649101,0.04649101
0.04648,0.04649101,0.04648
0.04648,0.04649101,0.04652998
0.04652998,0.04653,0.04652998
0.04652998,0.04653,0.04653
0.04652998,0.04653,0.04653
0.04648,0.04652997,0.04648
0.04642001,0.04652997,0.04642001
0.04642001,0.04651999,0.0465299
0.04642002,0.04651998,0.04642002
0.0464479,0.04651997,0.04651997
0.0464479,0.04652989,0.04651997
0.04644791,0.04651997,0.04644791
0.04644791,0.04651997,0.04651997
0.04644791,0.04651996,0.04644791
0.04644791,0.046449,0.046449
0.046449,0.04651996,0.046449
0.046449,0.04651996,0.04647178
0.046449,0.04652791,0.046449
0.04644791,0.0465279,0.04644791
0.04645,0.04652791,0.0465279
0.04645,0.04646888,0.04645
0.04645,0.0465279,0.04645
0.04645,0.0465279,0.0465279
0.0465279,0.04652791,0.04652791
0.04644791,0.0465279,0.04644791
0.04645,0.04652788,0.04645
0.0465279,0.04653,0.0465279
0.04645001,0.0465384,0.04645001
0.04653003,0.04653841,0.04653003
0.04654,0.04654001,0.04654
0.04654,0.04654585,0.04654
0.04654001,0.04654585,0.04654001
0.04654,0.04654001,0.04654
0.04654,0.04657492,0.04654
0.04647697,0.04650401,0.04647697
0.04647697,0.04650401,0.04647697
0.04647697,0.04654,0.04647697
0.04647697,0.04655,0.04655
0.04647699,0.04657485,0.04647699
0.04647699,0.0465748,0.04647699
0.04649,0.04657479,0.04649
0.04649,0.04657398,0.04657398
0.04647699,0.0464794,0.04657395
0.04647699,0.04657397,0.04657397
0.04647699,0.04657394,0.04647699
0.04647699,0.04657393,0.04647699
0.04647699,0.04657387,0.04657387
0.0465,0.0465738,0.0465
0.0465,0.04657381,0.04657381
0.04642,0.04645,0.04642
0.04642,0.04644,0.04644
0.04642,0.04653505,0.04642
0.04642,0.04644,0.04644
0.04642,0.04643,0.04642
0.04642,0.04644,0.04644
0.04642,0.04642999,0.04642
0.04642,0.046429,0.04642
0.04642,0.04642999,0.04642999
0.04642,0.04642999,0.04642
0.04642,0.04642999,0.04642
0.04642,0.04642999,0.04642999
0.04642,0.04642999,0.04642999
0.04642,0.04642999,0.04642
0.04657776,0.04657777,0.04657775
0.04642,0.04657774,0.04657774
0.04642,0.04657622,0.04642
0.04657622,0.04657678,0.04642
0.04647773,0.04657622,0.04647773
0.04647773,0.04655,0.04647773
0.04647774,0.04655,0.04647774
0.04648317,0.04654997,0.04647774
0.04657773,0.04657776,0.04657776
0.04657776,0.04657777,0.04657776
0.04657776,0.04657777,0.04657776
0.04657999,0.04658074,0.04658053
0.04657777,0.046578,0.046578
0.046578,0.04658074,0.046578
0.046578,0.04658426,0.046578
0.04647774,0.0465,0.0465
0.04650001,0.04659399,0.04650001
0.04650001,0.04659399,0.04650001
0.04650002,0.04659399,0.04659399
0.04659399,0.04659409,0.04659399
0.04650003,0.0466,0.0466
0.0466002,0.04660622,0.04660622
0.04660982,0.04664743,0.04660982
0.04665579,0.04665947,0.04665579
0.04665579,0.0467,0.0467
0.04650001,0.04665579,0.046578
0.04670597,0.04670598,0.04670597
0.04647775,0.04670594,0.0465
0.04670593,0.04670595,0.04670593
0.04653,0.04671572,0.04671572
0.04653,0.046588,0.04653
0.04653,0.04658505,0.04653
0.04658505,0.046588,0.04658505
0.04653,0.04658505,0.04653
0.0466,0.04671473,0.0466
0.0466,0.04660422,0.0466
0.04651546,0.04656176,0.04651546
0.04651547,0.04656175,0.04651547
0.04651547,0.04656175,0.04656175
0.04656175,0.04656176,0.04656175
0.04651547,0.04651548,0.04651547
0.04651547,0.04651548,0.04651547
0.04651547,0.04651548,0.04651548
0.04651547,0.04656174,0.04651547
0.0465,0.04651547,0.0465
0.04635857,0.04646998,0.04646998
0.04635857,0.0463586,0.0463586
0.04635857,0.0463586,0.04635857
0.04635858,0.04646998,0.04646998
0.0463589,0.04646999,0.0463589
0.0463586,0.0463589,0.0463586
0.0463589,0.04646997,0.04647371
0.04635858,0.04646997,0.04635858
0.0463589,0.04646995,0.0463589
0.0463589,0.04646994,0.0463589
0.0463589,0.04638386,0.0463589
0.0463589,0.04644669,0.04644669
0.0463589,0.04635891,0.0463589
0.04635857,0.04635858,0.04635857
0.04635858,0.0463589,0.04635858
0.04635,0.04635858,0.04635858
0.04634052,0.04635857,0.04634052
0.04631001,0.0463585,0.04631001
0.04634052,0.0463585,0.0463585
0.0463585,0.0463589,0.0463585
0.04634052,0.04635889,0.04634052
0.04634052,0.04635888,0.04634052
0.04631002,0.04631239,0.04631002
0.04631001,0.04631239,0.04631001
0.04630737,0.04631001,0.04631001
0.046301,0.04631001,0.046301
0.0463001,0.04630101,0.04630101
0.0462936,0.0463,0.0463
0.04624098,0.04625,0.04625
0.0462039,0.04624098,0.04624098
0.04620053,0.04620054,0.04620054
0.04620054,0.0462039,0.04620054
0.04620054,0.0462028,0.04620054
0.04620054,0.0462028,0.0462028
0.04620053,0.04620054,0.04620054
0.04620054,0.0462028,0.04620054
0.0462,0.04620053,0.0462
0.04617,0.04620053,0.04620053
0.04617,0.04620053,0.04620053
0.04620053,0.04620054,0.04620053
0.04617,0.0462,0.04617
0.04617,0.04620053,0.04620053
0.04620053,0.0462395,0.0462395
0.04620054,0.0462395,0.04612078
0.0461208,0.04620054,0.04620054
0.04620054,0.0462395,0.04620054
0.04620054,0.0462395,0.0462395
0.04620055,0.0462395,0.04620055
0.0462395,0.04624,0.04624
0.04620056,0.04620057,0.04620056
0.04620055,0.04624,0.04624
0.04624098,0.04625,0.04624098
0.04624098,0.04625,0.04624098
0.04624098,0.04625,0.04625
0.04629629,0.0463,0.0462936
0.04634635,0.04635888,0.04634635
0.04634635,0.0464,0.0464
0.04634635,0.04639998,0.04639998
0.04634635,0.0464,0.04634635
0.04624098,0.04629629,0.04624098
0.04625,0.04629629,0.04629629
0.04624098,0.04629629,0.04629629
0.04620055,0.04624098,0.04620055
0.04615467,0.04629629,0.04629629
0.04615468,0.0464,0.0464
0.04615467,0.04615468,0.04615468
0.04615468,0.04629629,0.04615468
0.04615468,0.04639997,0.04615468
0.04617315,0.04639997,0.04639997
0.04617315,0.04639997,0.04639997
0.046155,0.04617315,0.04617315
0.046155,0.04619623,0.04619623
0.04615502,0.046395,0.046395
0.04621648,0.04639,0.04619623
0.04615504,0.0463151,0.046394
0.04615504,0.0463,0.04615504
0.04615504,0.04629627,0.04615504
0.04615503,0.04615504,0.04615504
0.04615502,0.04629628,0.04615502
0.04616,0.04617233,0.04617233
0.04615502,0.04616,0.04615502
0.04615503,0.04629626,0.04615503
0.046155,0.04615501,0.046155
0.04615501,0.046291,0.046291
0.04615511,0.04629099,0.04615511
0.04615511,0.04618,0.04615511
0.04615501,0.04615511,0.04615501
0.046,0.046152,0.04615501
0.046,0.046145,0.04615511
0.046,0.04614997,0.046
0.046,0.04609,0.046
0.04601327,0.04601442,0.04601327
0.04601327,0.04601442,0.04601442
0.04601327,0.04601442,0.04601442
0.04616,0.04618,0.04618
0.04618,0.04619989,0.04619989
0.04601327,0.04601442,0.04601327
0.04601327,0.04618497,0.04601327
0.04597096,0.046,0.046
0.04594651,0.04594689,0.04594689
0.04592003,0.0459465,0.0459465
0.0458982,0.0459,0.0459
0.04589379,0.0459,0.0459
0.0459,0.04594649,0.04594649
0.0459,0.04594649,0.04594649
0.04589056,0.04594649,0.04589058
0.04580001,0.04594648,0.04594649
0.04594648,0.04594649,0.04594649
0.04583506,0.04594649,0.04594649
0.04588584,0.04594649,0.04586573
0.04587825,0.04594639,0.04584
0.04582005,0.04584,0.04584
0.04584001,0.04594639,0.04584001
0.04586,0.04594647,0.04594647
0.04594639,0.04594647,0.04586
0.04594411,0.04594639,0.04594639
0.0459464,0.04594647,0.04586
0.04594519,0.04594639,0.0459464
0.04587,0.04589339,0.04589339
0.04589339,0.04594461,0.04589339
0.04586,0.04589339,0.04589339
0.04589339,0.045946,0.045946
0.04587001,0.04589,0.04589
0.04585289,0.04589,0.04589
0.04585,0.04589,0.04585
0.04584,0.04587001,0.04587001
0.04583,0.04584001,0.04584001
0.04584001,0.04587,0.04584001
0.04584001,0.045869,0.04584001
0.04584001,0.04587,0.04587
0.04584001,0.04587,0.04587
0.04584001,0.04587,0.04587
0.045855,0.04587,0.04587
0.04585,0.04587,0.04587
0.04585,0.04587,0.04587
0.04584001,0.04585,0.04585
0.04583018,0.04584,0.04584
0.04583018,0.04583999,0.04583999
0.04583018,0.04583999,0.04583999
0.04582414,0.04583018,0.04583018
0.04581969,0.04583999,0.04583999
0.04580001,0.04583999,0.04583999
0.04580003,0.04583999,0.04583999
0.04585,0.04589,0.04585
0.04583999,0.04585,0.04585
0.04584,0.04585,0.04585
0.04585,0.04599999,0.04585
0.04585,0.04599999,0.04585
0.04585,0.04599998,0.04585
0.04585,0.04599998,0.04585
0.04585,0.04599998,0.04599998
0.04585,0.04599988,0.04585
0.04585,0.04599988,0.04599988
0.04585,0.04599997,0.04585
0.04585,0.04599987,0.04585
0.04585,0.0459904,0.04585
0.04599,0.0459904,0.04585
0.04585,0.045995,0.04585
0.04583999,0.04585,0.04585
0.04583999,0.046067,0.04611
0.04580004,0.045802,0.045995
0.0458,0.04609993,0.0458
0.0458,0.04607166,0.0459951
0.0458,0.04580009,0.04580009
0.0458,0.04580009,0.0458
0.0458,0.04580009,0.04580009
0.0458,0.04580009,0.04580009
0.04578985,0.0458,0.0458
0.04576262,0.0458,0.0458
0.04571228,0.0458,0.04571228
0.0457,0.04576262,0.0458
0.04565001,0.04569996,0.04565001
0.0457,0.0457354,0.04579999
0.0457354,0.04578,0.04579999
0.0457,0.04578,0.0457999
0.0457,0.04578,0.04578
0.0457001,0.04577997,0.04577997
0.0457001,0.04577997,0.0457001
0.04565,0.04570009,0.04565
0.04573544,0.04577997,0.04577997
0.04577997,0.04578,0.04578
0.04573544,0.04577994,0.04577994
0.0456654,0.04573544,0.04567102
0.0457,0.04572093,0.04572093
0.0457209,0.04572093,0.04572093
0.04572093,0.04577999,0.04577999
0.0457209,0.04578,0.04578
0.04580001,0.04580009,0.0458
0.0457209,0.04578,0.04578
0.0458001,0.04594629,0.04594629
0.04578,0.0458,0.04578
0.0458,0.04594628,0.04594628
0.04578,0.04594627,0.04578
0.0459,0.04594628,0.0459
0.04585,0.04594616,0.04584627
0.04594627,0.046,0.04594627
0.04585001,0.04601197,0.04601197
0.04601197,0.04612761,0.04601197
0.04609088,0.04620982,0.04609088
0.04594628,0.04601197,0.04594628
0.04601197,0.04618271,0.04601197
0.04605649,0.0461,0.04618269
0.0461,0.04619991,0.04619992
0.0460929,0.04619989,0.04611
0.0460929,0.04619989,0.0460929
0.04609293,0.04619088,0.0460929
0.04619088,0.04619988,0.04619088
0.04619089,0.04619988,0.04619089
0.04619088,0.04619988,0.04619088
0.0460929,0.04619088,0.0460929
0.0460929,0.04619089,0.0460929
0.0460929,0.04619088,0.04619088
0.0460929,0.04609642,0.04619085
0.0460929,0.04617999,0.04617999
0.0460929,0.04611758,0.0460929
0.0460929,0.04611758,0.0460929
0.04609291,0.04618,0.04618
0.04609291,0.04617999,0.04609291
0.04609291,0.04617997,0.04617997
0.04609291,0.04617995,0.04617996
0.04609291,0.04617992,0.04617992
0.0460929,0.04609291,0.04609291
0.0460929,0.0461753,0.0460929
0.04606987,0.046164,0.046164
0.04606987,0.04616399,0.04616399
0.04606988,0.04611841,0.04606988
0.046071,0.04611838,0.04611841
0.046071,0.04609995,0.04609996
0.046071,0.0461,0.046071
0.0461,0.04616399,0.0461
0.0461,0.0461753,0.04616399
0.0461,0.04618,0.04617999
0.0461,0.04616399,0.0461
0.04611,0.04616399,0.04616399
0.04610002,0.04617999,0.04617999
0.04607201,0.04609998,0.04607201
0.04609998,0.0461,0.04609998
0.046071,0.04607201,0.046071
0.04607101,0.0460722,0.046071
0.046071,0.0461,0.046071
0.046071,0.0460722,0.046071
0.0461,0.04610019,0.046164
0.0461,0.04615999,0.0461
0.0461,0.04616,0.04615999
0.0461,0.04615997,0.046164
0.046071,0.04615998,0.046071
0.046071,0.0461,0.0461
0.046071,0.04609,0.046071
0.0460722,0.0461,0.0460722
0.046071,0.0461,0.0461
0.046071,0.0461,0.046071
0.046071,0.0461,0.0461
0.046071,0.04609839,0.046071
0.046071,0.04609839,0.046071
0.0460818,0.04609839,0.046071
0.0460818,0.04609839,0.0460818
0.0460818,0.04609839,0.04609839
0.046071,0.04609838,0.046071
0.0460818,0.04609838,0.04609838
0.0460818,0.0460983,0.0460818
0.0460818,0.0460983,0.0460983
0.046071,0.0460983,0.04609839
0.046071,0.0460982,0.046071
0.046071,0.0460982,0.046071
0.04607,0.046071,0.046071
0.046064,0.046071,0.046064
0.046064,0.04607,0.046064
0.04605649,0.046064,0.046064
0.04605649,0.04607,0.04605649
0.04605649,0.046064,0.046064
0.04605649,0.046071,0.046071
0.04605649,0.04607099,0.04607099
0.04605649,0.04607099,0.04607099
0.046071,0.0461,0.0461
0.04605649,0.04616,0.04605649
0.04604315,0.04605,0.04605
0.0460502,0.04616,0.04616
0.04615,0.04616,0.04616
0.04607,0.04618,0.04618
0.04608001,0.04618,0.04608001
0.04610002,0.04617999,0.04617999
0.04610001,0.04617998,0.04617999
0.04609001,0.04617998,0.04609001
0.04610001,0.04617997,0.04610001
0.04612001,0.04618,0.04618
0.04612002,0.04617,0.04612001
0.04614001,0.04617,0.04617
0.04617,0.04619004,0.04619004
0.04618,0.04619088,0.04619088
0.04618,0.04619087,0.04618
0.04618,0.04621951,0.04621951
0.04621951,0.04623989,0.04623989
0.04619087,0.04623989,0.04623989
0.04623989,0.0462399,0.04623989
0.04623989,0.0462399,0.04619087
0.04623989,0.0462399,0.04623989
0.04622078,0.0462399,0.04623989
0.04623989,0.0462399,0.04623989
0.04623989,0.0462399,0.04623989
0.04623989,0.0462399,0.04623989
0.04623989,0.0462399,0.04623989
0.04623989,0.0462399,0.0462399
0.04623989,0.0462399,0.04623989
0.04623989,0.0462399,0.04623989
0.04623989,0.0462399,0.04623989
0.04623989,0.0462399,0.04623989
0.04623989,0.0462399,0.0462399
0.0462872,0.0463527,0.0462399
0.0462872,0.04635269,0.0462872
0.0462872,0.04635267,0.04635267
0.0462872,0.04635266,0.0462872
0.0462872,0.04635266,0.0462872
0.04619097,0.04628721,0.04628721
0.04619097,0.04628721,0.04628721
0.04611391,0.04628718,0.04628718
0.04612003,0.04637504,0.04637504
0.04628718,0.04637503,0.04637504
0.0463,0.04637503,0.0463
0.0463,0.04637503,0.0463
0.04635,0.04637502,0.04637502
0.04635,0.04637503,0.04637503
0.0463,0.046315,0.046315
0.046315,0.04637503,0.046315
0.04628718,0.046315,0.04628718
0.04628718,0.0463,0.0463
0.04610675,0.04628718,0.04608
0.04610685,0.046293,0.046293
0.04610685,0.04629299,0.046293
0.04610685,0.0462,0.0462
0.0462,0.046283,0.046283
0.0462,0.046283,0.0462
0.0462,0.046283,0.0462
0.0462,0.04629296,0.04629299
0.04629298,0.04629299,0.04629299
0.0462,0.04629299,0.046283
0.0462,0.04629298,0.046283
0.0462,0.046292,0.04629298
0.0462,0.046288,0.0462
0.0462,0.046288,0.0462
0.04610685,0.046287,0.0462
0.04610685,0.0462,0.0462
0.0461,0.0462,0.0462
0.04601197,0.0461,0.04601197
0.0461001,0.0462,0.0462
0.0461001,0.04619,0.046199
0.04603001,0.04605814,0.04605814
0.0461,0.046189,0.046189
0.046189,0.04619,0.046189
0.0461889,0.046189,0.046189
0.0461889,0.04618898,0.0461889
0.04603001,0.04610001,0.04610001
0.04610001,0.0461889,0.0461889
0.04610002,0.04618889,0.0461889
0.04618889,0.0461889,0.0461889
0.04618889,0.0461889,0.0461889
0.04616,0.046188,0.0461889
0.04616,0.046188,0.0461889
0.04616,0.046188,0.046188
0.04610002,0.04610004,0.04610004
0.04605,0.04610004,0.04610004
0.04605001,0.04610004,0.04605001
0.04605001,0.046188,0.04605001
0.04605001,0.04618698,0.04605001
0.04608001,0.04618698,0.04618698
0.04605001,0.04618,0.04618
0.04605001,0.04618,0.04605001
0.04605003,0.04617999,0.04605002
0.04606,0.046175,0.04606
0.0461,0.046174,0.046174
0.04610001,0.04618592,0.04618592
0.04618593,0.04618697,0.04618593
0.04618593,0.04618697,0.04618593
0.04618593,0.046189,0.04618593
0.04619859,0.046199,0.046189
0.04618593,0.04619859,0.04619859
0.04618593,0.0462,0.04618593
0.04618593,0.0462,0.04618593
0.04618593,0.0462,0.04618593
0.04618593,0.04619999,0.04618593
0.04618594,0.04619999,0.04618594
0.04618594,0.04619999,0.04618594
0.04618594,0.04619999,0.04618594
0.04618594,0.04619859,0.04618594
0.04618594,0.04619859,0.04618594
0.04618594,0.0462,0.0462
0.04619999,0.0462,0.0462
0.04618594,0.04619999,0.04619999
0.04619999,0.0462,0.04619999
0.04618594,0.04619999,0.04618594
0.0461,0.04619999,0.0461
0.04605,0.04605001,0.04605001
0.04602702,0.04619998,0.04619998
0.04604,0.04619998,0.04619998
0.04605001,0.04619998,0.04619998
0.04604001,0.04619998,0.04619998
0.04619999,0.04624767,0.0462
0.04624898,0.04625,0.04624898
0.04624898,0.04624999,0.04624898
0.04624898,0.04625,0.04624898
0.0462,0.04625,0.0462
0.0462,0.04624904,0.04624904
0.0462655,0.04627,0.0462655
0.04620001,0.04626997,0.04626997
0.0462,0.04620001,0.04620001
0.04620001,0.04626997,0.04620001
0.04620002,0.04626997,0.04620002
0.04620002,0.04626997,0.04626997
0.04620002,0.04627,0.04620002
0.04620003,0.04627,0.04627
0.04620002,0.04626997,0.04620002
0.04620002,0.04620003,0.04620003
0.04620001,0.04620002,0.04620002
0.04620001,0.04620002,0.04620002
0.04609,0.04620002,0.0462
0.04609477,0.04620001,0.04620001
0.04607,0.04609477,0.04609477
0.04609001,0.04620001,0.04620001
0.04610973,0.04620001,0.04620001
0.04610973,0.04617973,0.04620001
0.04610973,0.04617973,0.04617973
0.04610973,0.04617973,0.04610973
0.04610973,0.0462,0.04617973
0.04610973,0.04619999,0.04620001
0.04607871,0.04619999,0.04619999
0.04605008,0.04610973,0.04610973
0.04612,0.0461999,0.04612
0.04612,0.04619998,0.04612
0.04606656,0.04610973,0.04606656
0.04607,0.04610973,0.04610973
0.04606656,0.0461,0.04605007
0.04606656,0.04607,0.04607
0.04606656,0.04607,0.04606656
0.04606592,0.04606999,0.04606592
0.04606592,0.0461,0.0461
0.04605007,0.04609999,0.04609999
0.04605007,0.04610966,0.04610966
0.04606592,0.04610966,0.04610966
0.04605001,0.04610966,0.04610966
0.04601197,0.04602702,0.04601197
0.04599085,0.046,0.046
0.04598841,0.046,0.046
0.04601197,0.04610966,0.04610966
0.04601,0.04601197,0.04601197
0.04601,0.04610964,0.04610964
0.04601,0.04610964,0.04601
0.0460199,0.04610964,0.04601
0.0460199,0.04610961,0.04610963
0.0460199,0.04610961,0.04610961
0.04606591,0.04610961,0.04610961
0.0460199,0.04610959,0.04610961
0.0460199,0.046109,0.04610952
0.0460199,0.046109,0.046109
0.0460199,0.04610896,0.04610896
0.04601,0.0460199,0.04601
0.04601991,0.04610961,0.04610959
0.04601991,0.04610961,0.04610961
0.04601991,0.0461096,0.0461096
0.04601991,0.0461096,0.0461096
0.04601993,0.0461096,0.0461096
0.0460199,0.04601991,0.04601991
0.0460199,0.04601991,0.04601991
0.04601,0.04601991,0.04601
0.04601,0.0461,0.04601
0.04601,0.0461,0.0461
0.04598842,0.046,0.046
0.04601991,0.0461,0.0461
0.04602002,0.04610959,0.04610959
0.04601991,0.04610959,0.04610959
0.04597001,0.04598842,0.04596901
0.04610959,0.0461096,0.0461096
0.046,0.0461,0.04610959
0.04600001,0.0461,0.04600001
0.04605,0.04610961,0.04610961
0.04610001,0.04610961,0.04610961
0.046,0.04609979,0.0461
0.046,0.04615001,0.04615001
0.04598501,0.046,0.046
0.046,0.04615,0.046
0.046,0.04613827,0.04613827
0.046,0.04615001,0.046
0.04598501,0.04615001,0.04629298
0.04629298,0.046293,0.04629298
0.04598501,0.04613827,0.04598501
0.045999,0.0463,0.0463
0.04598501,0.04629999,0.04598501
0.045995,0.04627462,0.04627462
0.045995,0.04627461,0.04598501
0.0461225,0.04625,0.0461225
0.04598501,0.045995,0.045995
0.04601799,0.0461225,0.045995
0.046,0.04601799,0.04601799
0.0461225,0.04624999,0.0461225
0.0461225,0.046135,0.0461225
0.046135,0.04624999,0.046135
0.046135,0.04624999,0.046135
0.046139,0.04624998,0.0461894
0.046135,0.04624995,0.046135
0.046135,0.0462499,0.046135
0.046135,0.0462499,0.0462499
0.046135,0.046139,0.046139
0.04603,0.0462499,0.0462499
0.04603,0.04624,0.04603
0.04603,0.04623999,0.04623999
0.04603,0.04613899,0.04613899
0.046135,0.04613898,0.046135
0.046135,0.04613898,0.046135
0.04613898,0.046139,0.04613898
0.046033,0.04613899,0.04613899
0.046139,0.04615,0.046139
0.046139,0.046239,0.046139
0.046139,0.04624987,0.046139
0.046033,0.0460339,0.0460339
0.04612644,0.046139,0.04612524
0.04603389,0.04608599,0.04603389
0.04605994,0.04608599,0.04608599
0.046033,0.04608599,0.04608599
0.04603,0.04608599,0.04603
0.045985,0.04608599,0.045985
0.045985,0.04608599,0.045985
0.045985,0.04608599,0.045985
0.045985,0.04603,0.045985
0.045985,0.04603,0.04603
0.04606,0.04608598,0.04605949
0.04603,0.04606,0.04606
0.046045,0.04608598,0.046045
0.046045,0.04608598,0.046045
0.046035,0.04605,0.04605
0.04603,0.046035,0.046035
0.0459851,0.046035,0.046035
0.04598302,0.0459851,0.0459851
0.045986,0.04605,0.045986
0.045986,0.04604999,0.045986
0.045986,0.04604999,0.04604999
0.045986,0.04604998,0.045986
0.045986,0.04604998,0.045986
0.045986,0.04604998,0.045986
0.045986,0.046,0.046
0.046,0.04604998,0.04604998
0.04604998,0.04604999,0.04604998
0.04604998,0.04604999,0.04604998
0.04604998,0.04604999,0.04604998
0.04604998,0.04604999,0.04604998
0.04604998,0.04604999,0.04604998
0.04604998,0.04604999,0.04604998
0.046,0.04604999,0.046
0.046,0.04604999,0.04604999
0.045986,0.046,0.046
0.045986,0.04604999,0.04604999
0.046,0.04604999,0.04604999
0.04600004,0.04604999,0.04604999
0.04600005,0.04604999,0.04600003
0.04600007,0.04604999,0.04600007
0.04600005,0.04600006,0.04600006
0.04604998,0.04604999,0.04604998
0.04604998,0.04604999,0.04604998
0.04604998,0.04604999,0.04604999
0.04604998,0.04604999,0.04604998
0.04604999,0.046139,0.046139
0.046139,0.0462291,0.0462291
0.045998,0.046,0.046
0.045998,0.046,0.045998
0.045986,0.046,0.046
0.045986,0.046,0.046
0.045986,0.046,0.046
0.04599059,0.046,0.046
0.04599059,0.046,0.046
0.0459861,0.046,0.04599058
0.04598601,0.046139,0.046
0.04598603,0.04599059,0.04598601
0.045986,0.04598601,0.04598601
0.04598322,0.04598601,0.04598601
0.04598322,0.0461,0.045993
0.04598322,0.04624,0.04598322
0.04624496,0.04624999,0.04624
0.04598322,0.04611411,0.04624999
0.04598323,0.04621122,0.04598323
0.04598322,0.04621122,0.04621122
0.045985,0.04622,0.04621122
0.04621122,0.04622,0.04621122
0.04621122,0.04622,0.04621122
0.04621122,0.04622,0.04621122
0.04621122,0.04621999,0.04621122
0.04621122,0.04621998,0.04621122
0.04621122,0.04621998,0.04621122
0.04621998,0.04622,0.04621998
0.04621122,0.04622,0.04622
0.04621122,0.04622,0.04621122
0.04621122,0.04622,0.04622
0.04621123,0.04622,0.04622
0.04621122,0.04621123,0.04621122
0.04621122,0.04622,0.04621122
0.04621122,0.04621123,0.04621122
0.04621122,0.04622,0.04622
0.04621122,0.04622,0.04621122
0.04621123,0.04622,0.04622
0.04621123,0.04622,0.04622
0.04621123,0.04622,0.04622
0.04621123,0.04622,0.04621123
0.046212,0.04622,0.04622
0.046212,0.04622,0.04622
0.046212,0.04622,0.046212
0.04621123,0.04622,0.04621123
0.04621123,0.04622,0.04621123
0.04621122,0.04621123,0.04621122
0.04621122,0.04621123,0.04621122
0.04621122,0.04621649,0.04621122
0.0461939,0.04621999,0.0461939
0.04610945,0.04617367,0.04617367
0.0461,0.04617367,0.0461
0.04602198,0.04617367,0.04602198
0.0461,0.04622,0.04622
0.046148,0.04622,0.04622
0.046148,0.04622,0.046148
0.04614801,0.04622,0.04622
0.0462,0.04622,0.0462
0.046223,0.04623145,0.046223
0.0462,0.04623145,0.0462
0.04620001,0.04623143,0.04623143
0.04620001,0.04620784,0.046223
0.04620001,0.04623143,0.04620001
0.046223,0.04627363,0.046223
0.04622301,0.04628255,0.04622301
0.04627363,0.04628254,0.04627363
0.04628254,0.04628255,0.04628254
0.04628255,0.0463,0.04628255
0.04628255,0.04628255,0.04628255
0.046223,0.04628255,0.046223
0.046223,0.04628255,0.046223
0.046223,0.0462825,0.046223
0.04622306,0.04628255,0.046223
0.04622306,0.04627363,0.04622306
0.046223,0.04628254,0.046223
0.04620001,0.04622306,0.04620001
0.04620001,0.04622307,0.04620001
0.046223,0.04622307,0.046223
0.04622307,0.04623,0.04623
0.04622307,0.04622965,0.04622307
0.0462231,0.04624,0.04622307
0.04622307,0.04624,0.04624
0.04622301,0.04624,0.04624
0.04622301,0.04624,0.04622301
0.046223,0.04623999,0.046223
0.04622301,0.04623998,0.04622301
0.04622301,0.04623998,0.04622301
0.04620005,0.04622301,0.04620005
0.04620001,0.04620005,0.04620001
0.04620001,0.04620005,0.04613027
0.04613027,0.04620005,0.04613027
0.04613028,0.04623999,0.04613028
0.04613028,0.04623999,0.04613028
0.04613029,0.0462399,0.04613029
0.04613029,0.0462399,0.04613029
0.04613028,0.04613029,0.04613028
0.04620001,0.0462399,0.0462399
0.04620001,0.04625,0.04625
0.04613028,0.04617646,0.04613028
0.0463,0.04630094,0.0463
0.04613029,0.04630094,0.04613029
0.04613028,0.04613029,0.04613029
0.04630094,0.04630146,0.04630094
0.04613029,0.04630146,0.04630146
0.04613029,0.04630145,0.04613029
0.04613029,0.0463,0.04613029
0.04615,0.0462,0.04622305
0.04613029,0.0462,0.0462
0.04613029,0.0461303,0.04615
0.04615,0.0462,0.04615
0.04613029,0.0462,0.04629999
0.04613028,0.0462,0.04613028
0.04613028,0.04630146,0.04613028
0.04613028,0.04630146,0.04630146
0.0461305,0.04630145,0.0461305
0.0461305,0.04629499,0.04630145
0.04613027,0.04629399,0.04613027
0.04630145,0.04630146,0.04630145
0.046294,0.04630146,0.046294
0.046294,0.04630145,0.046294
0.04614,0.046294,0.046294
0.04616,0.046294,0.04614
0.0462,0.046294,0.046294
0.0462,0.04629399,0.0462
0.04614003,0.0462,0.04614001
0.04614,0.04629399,0.04629399
0.04612,0.04617,0.04612
0.04614001,0.04629398,0.04614001
0.04612,0.04622,0.04612
0.04612001,0.04622,0.04612001
0.04612,0.04622,0.04612
0.04612001,0.04622,0.04612001
0.04612001,0.04622,0.04612002
0.04612002,0.04622,0.04622
0.04622,0.04629999,0.04622
0.04622,0.04629999,0.04622
0.04622,0.04629999,0.04622
0.04612002,0.04630144,0.04626612
0.04622,0.04630144,0.04630144
0.04622,0.04622001,0.04622001
0.04612002,0.04622,0.04612002
0.04612002,0.04621999,0.04612002
0.04612002,0.04615,0.04622
0.04613,0.04615,0.04613
0.0461499,0.04615,0.0461499
0.04615,0.04622,0.04615
0.04617,0.04622,0.04617
0.04617,0.04622,0.04617
0.04622,0.04622001,0.04622001
0.04622,0.04622001,0.04622001
0.04622,0.04622001,0.04622001
0.04622,0.04622001,0.04622001
0.04617,0.04622,0.04622
0.04618317,0.04622,0.0463
0.04622001,0.0463,0.04622
0.04622001,0.0463,0.04622001
0.0463,0.04630145,0.0463
0.04629317,0.04630143,0.04629317
0.04622002,0.046301,0.04622002
0.04622002,0.046301,0.046301
0.046301,0.04630143,0.046301
0.046301,0.04630142,0.046301
0.046301,0.04630141,0.04630141
0.046301,0.04630142,0.046301
0.046301,0.04630142,0.04630142
0.04630101,0.04630143,0.046301
0.04630143,0.04630601,0.04630143
0.04630602,0.04630748,0.04630748
0.04630748,0.04637499,0.04630748
0.04630758,0.04637499,0.04637499
0.046375,0.04637504,0.046375
0.046375,0.04637501,0.046375
0.046375,0.04637504,0.046375
0.046375,0.04637633,0.046375
0.04637501,0.04637642,0.04637501
0.04641,0.04643889,0.04643888
0.0463808,0.04641,0.0463808
0.0463808,0.04639464,0.04640999
0.046375,0.04643889,0.046375
0.0463882,0.04643892,0.0463882
0.0464101,0.04643888,0.0464101
0.0463882,0.04643889,0.0463882
0.0463882,0.04643888,0.0463882
0.0463882,0.04644002,0.0463882
0.0463882,0.04644002,0.0463882
0.04638821,0.04643887,0.04638821
0.04617,0.04638819,0.04638819
0.0461701,0.04637799,0.04637799
0.0461702,0.04636799,0.04636799
0.04619858,0.04636797,0.04619858
0.04619858,0.04636795,0.04636795
0.04619858,0.04636795,0.04636795
0.04619858,0.04635938,0.04635938
0.04619859,0.04636789,0.04619859
0.04619859,0.04635945,0.04635946
0.04619859,0.04635942,0.04619859
0.04619859,0.04635938,0.04619859
0.04619859,0.04635934,0.04619859
0.04619863,0.04644497,0.046445
0.04619863,0.04642586,0.04642586
0.04619865,0.04642583,0.04642583
0.0461986,0.0464258,0.0461986
0.0461986,0.04637499,0.0461986
0.04619862,0.04637496,0.04619862
0.0461986,0.04619862,0.04619862
0.0461986,0.04619862,0.0461986
0.04619862,0.04637,0.04619862
0.04619862,0.04637,0.04637
0.04619862,0.04637,0.04619862
0.0462,0.04637,0.04637
0.04627,0.04636999,0.04627
0.04627,0.04636999,0.04636999
0.04636998,0.04636999,0.04636998
0.04636999,0.04637,0.04636999
0.04637,0.04637495,0.04637
0.04636999,0.04637,0.04636999
0.04636999,0.04645,0.04636999
0.04636999,0.04637,0.04637
0.0463701,0.04643233,0.04637001
0.04637,0.04645493,0.04637
0.04637,0.04637284,0.04637
0.04636999,0.04637,0.04636999
0.0464,0.04643583,0.0464
0.04640001,0.04643583,0.04640001
0.04640001,0.04643583,0.04640001
0.04643583,0.04645101,0.04643583
0.04643583,0.04644483,0.04644483
0.04644483,0.04645101,0.04644483
0.04644483,0.046445,0.04645101
0.0464501,0.04646423,0.0464501
0.04643583,0.046445,0.04643583
0.04644628,0.0464501,0.0464501
0.04644647,0.0464501,0.04644647
0.0464381,0.04644647,0.046438
0.046438,0.0464501,0.046438
0.0464501,0.04649999,0.0464501
0.046438,0.04643801,0.04643801
0.0464501,0.04649499,0.04649499
0.0464501,0.04645901,0.04649891
0.0464501,0.04646742,0.0464501
0.0464501,0.04646743,0.0464501
0.0464501,0.04646743,0.0464501
0.0464381,0.0464501,0.046438
0.046438,0.04646743,0.04646743
0.046438,0.046439,0.046438
0.04630002,0.04649774,0.04649774
0.04630003,0.0464501,0.04630003
0.046431,0.04649999,0.046431
0.046431,0.0464501,0.046431
0.046431,0.04645009,0.04645009
0.04631646,0.0464501,0.0464501
0.046321,0.046432,0.046432
0.046321,0.0464501,0.04645011
0.04632101,0.0464501,0.04632101
0.0464501,0.04649998,0.04632101
0.04632101,0.04649997,0.04649998
0.04633,0.046409,0.04633
0.04632101,0.04633,0.04633
0.04632101,0.04640899,0.04632101
0.04633,0.04640899,0.04640899
0.04633001,0.0464,0.04633
0.04633001,0.0464,0.04633001
0.04633001,0.0464,0.0464
0.04633001,0.0464,0.0464
0.04633002,0.04639999,0.04633001
0.04634,0.04639999,0.04633002
0.04634,0.04639999,0.04639999
0.04639998,0.04639999,0.04634
0.04634,0.04639999,0.04634
0.04634,0.04639999,0.04639999
0.04634,0.04639998,0.04634
0.04634001,0.04639999,0.04634001
0.046341,0.04639999,0.046341
0.04635,0.04639999,0.0464
0.04636,0.04639999,0.04639999
0.0464089,0.04649998,0.0464089
0.04639999,0.04645,0.04639999
0.0464,0.04645,0.04645
0.04639999,0.04645,0.04639999
0.04644996,0.04644999,0.04644996
0.04644999,0.04645,0.04644999
0.04644996,0.04644999,0.04644996
0.04644996,0.04644999,0.04644996
0.04644996,0.04644999,0.04644996
0.04644996,0.04645,0.04645
0.04644996,0.04644999,0.04644996
0.04644999,0.04645,0.04645
0.04635001,0.04645,0.04635001
0.04635001,0.04645,0.04645
0.04641967,0.04644999,0.04635001
0.04644996,0.04644999,0.04644996
0.04644996,0.04644999,0.04644999
0.04644996,0.04644999,0.04644999
0.04644999,0.04645,0.04644999
0.04644999,0.04645,0.04645
0.04644999,0.04645,0.04645
0.04635001,0.04645,0.04635001
0.04644999,0.0465,0.04644999
0.04644999,0.0465,0.04644999
0.04644999,0.04649999,0.04644999
0.04645,0.04649999,0.04645
0.04636328,0.04644999,0.04644999
0.04635373,0.04649999,0.04649999
0.04645,0.04649999,0.04645
0.04635,0.04644999,0.04644999
0.0463501,0.04644999,0.04635
0.0463501,0.04644,0.04644999
0.0463501,0.04644997,0.0463501
0.04644,0.04644499,0.04644
0.0463501,0.04644,0.0463501
0.04644,0.04644499,0.04644
0.04644,0.04644499,0.04644499
0.04644,0.04644499,0.04644
0.04644499,0.04644997,0.04644997
0.04644,0.04644499,0.04644997
0.04644499,0.04644999,0.04644499
0.04644,0.0464999,0.04644
0.04644,0.04644997,0.04644997
0.04635,0.04644,0.04644
0.04635,0.04644,0.04644
0.04644,0.04649989,0.04644
0.04644,0.0464499,0.0464499
0.0464499,0.0465,0.0465
0.0464499,0.04649999,0.0464499
0.0464499,0.0465,0.0464499
0.0464499,0.04646813,0.04646813
0.04640984,0.04643794,0.0464499
0.04640984,0.04643794,0.04643794
0.04638685,0.04641,0.04641991
0.04635002,0.04640999,0.04640999
0.04635001,0.04635002,0.04635002
0.04635001,0.04640999,0.04640999
0.0463501,0.04640999,0.0463501
0.04635001,0.0463501,0.04635001
0.0463501,0.04640999,0.04640999
0.04635001,0.04640999,0.04635001
0.04635001,0.04649794,0.04635001
0.04635001,0.04649793,0.04649793
0.04635001,0.04649794,0.04649793
0.046351,0.04649,0.04649
0.04639363,0.04648899,0.04648899
0.046351,0.04648898,0.04648898
0.04639363,0.04639977,0.04648897
0.04641,0.04648899,0.04640999
0.04641,0.04648899,0.04641
0.04641,0.04648899,0.04641
0.04648899,0.046489,0.04648899
0.046411,0.04648899,0.046411
0.046411,0.04648899,0.046411
0.046411,0.04648899,0.04648899
0.046412,0.04648899,0.04641101
0.046412,0.04648899,0.046412
0.046412,0.04648899,0.04648899
0.046412,0.04648899,0.046412
0.046412,0.04648899,0.04648899
0.04648899,0.046489,0.04648899
0.046413,0.04649794,0.04649794
0.046413,0.04649793,0.046413
0.04641301,0.04649792,0.04649792
0.046412,0.04649357,0.046413
0.046412,0.04648899,0.04648899
0.04648899,0.04649791,0.04648899
0.04648899,0.04649791,0.04649791
0.046413,0.04649793,0.046413
0.04649793,0.04658814,0.04649793
0.04642081,0.04656484,0.04642081
0.046412,0.04642081,0.046412
0.04641211,0.04658782,0.04658782
0.04641211,0.04658771,0.04641211
0.04643,0.0465876,0.0465876
0.04649793,0.04658749,0.04658749
0.0464201,0.04649793,0.04642
0.04649794,0.0465873,0.04649794
0.04649794,0.04658721,0.04649794
0.04649794,0.04658707,0.04649794
0.04642,0.04658697,0.04642
0.046412,0.04641998,0.046412
0.04641201,0.04657678,0.04649794
0.04641202,0.04641455,0.04641455
0.04644492,0.04655999,0.04655999
0.04641201,0.04655991,0.04641201
0.04647673,0.04655708,0.04655709
0.04641201,0.04647668,0.04647668
0.04639793,0.0464,0.04647668
0.04639794,0.04641,0.04641
0.04639794,0.04658705,0.046587
0.0464,0.04654999,0.04654999
0.04639794,0.04655701,0.04655701
0.04635002,0.04639794,0.04635002
0.0464,0.04654997,0.04654997
0.04635,0.04655689,0.04635
0.04635,0.04641,0.04635
0.04635,0.04655674,0.04655674
0.04634,0.04655664,0.04634
0.04634,0.04655653,0.04634
0.04634,0.04660184,0.04654999
0.04634,0.04654993,0.04654993
0.04634,0.04654989,0.04654989
0.04634,0.04654981,0.04654982
0.04639793,0.04654972,0.04654972
0.04639803,0.0464,0.04654962
0.04640001,0.04644962,0.04644962
0.04634,0.04639999,0.04634
0.046321,0.046323,0.046323
0.046321,0.046323,0.046323
0.04631646,0.046323,0.04631646
0.04631646,0.04654927,0.04654928
0.04631646,0.0465492,0.0465492
0.04654398,0.04654399,0.0463
0.04640001,0.04653894,0.04653896
0.0463,0.04640001,0.04640001
0.0463,0.04651575,0.0463
0.04640001,0.04651567,0.04651567
0.04641,0.04651098,0.04641
0.04641,0.04651565,0.04651099
0.04641,0.04650099,0.04650099
0.04641,0.04648413,0.04648413
0.04641,0.04649999,0.04641
0.04641,0.046491,0.046491
0.04641,0.04649499,0.04641
0.04649499,0.04649999,0.04649499
0.0463,0.04640698,0.04649998
0.04649998,0.04649999,0.0463
0.04640698,0.04649998,0.04649998
0.04640698,0.04649998,0.04649998
0.0463,0.04649998,0.04649998
0.0463,0.04641,0.0463
0.0463,0.04647567,0.0463
0.0463,0.04649997,0.0463
0.04630001,0.046495,0.04649995
0.04630001,0.046495,0.046495
0.04630001,0.04649499,0.046495
0.04630001,0.04648997,0.04648998
0.0463,0.046485,0.046485
0.0463,0.04659328,0.04659328
0.0463,0.04651328,0.04651328
0.04630001,0.046583,0.04630001
